Creation Date,Status
Creation Date,Status
Creation Date,Status
Creation Date,Status
Creation Date,Status
Creation Date,Status
Creation Date,Status
Creation Date,Status
Creation Date,Status
Creation Date,Status
Creation Date,Status
Creation Date,Status
Creation Date,Status
Creation Date,Status
Creation Date,Status
Creation Date,Status
Creation Date,Status
Creation Date,Status
Creation Date,Status
Creation Date,Status
Creation Date,Status
Creation Date,Status
Creation Date,Status
Creation Date,Status
Creation Date,Status
Creation Date,Status
Creation Date,Status
Creation Date,Status
Creation Date,Status
Creation Date,Status
Creation Date,Status
Creation Date,Status
Creation Date,Status
Creation Date,Status
Creation Date,Status
Creation Date,Status
Creation Date,Status
Creation Date,Status
Creation Date,Status
Creation Date,Status
Creation Date,Status
Creation Date,Status
Creation Date,Status
Creation Date,Status
Creation Date,Status
Creation Date,Status
Creation Date,Status
Creation Date,Status
Creation Date,Status
Creation Date,Status
Creation Date,Status
Creation Date,Status
Creation Date,Status
Creation Date,Status
Creation Date,Status
Creation Date,Status
Creation Date,Status
Creation Date,Status
Creation Date,Status
Creation Date,Status
Creation Date,Status
Creation Date,Status
Creation Date,Status
Creation Date,Status
Creation Date,Status
Creation Date,Status
Creation Date,Status
Creation Date,Status
Creation Date,Status
Creation Date,Status
Creation Date,Status
Creation Date,Status
Creation Date,Status
Creation Date,Status
Creation Date,Status
Creation Date,Status
Creation Date,Status
Creation Date,Status
Creation Date,Status
Creation Date,Status
Creation Date,Status
Creation Date,Status
Creation Date,Status
Creation Date,Status
Creation Date,Status
Creation Date,Status
Creation Date,Status
Creation Date,Status
Creation Date,Status
Creation Date,Status
Creation Date,Status
Creation Date,Status
Creation Date,Status
Creation Date,Status
Creation Date,Status
Creation Date,Status
Creation Date,Status
Creation Date,Status
Creation Date,Status
Creation Date,Status
Creation Date,Status
Creation Date,Status
Creation Date,Status
Creation Date,Status
Creation Date,Status
Creation Date,Status
Creation Date,Status
Creation Date,Status
Creation Date,Status
Creation Date,Status
Creation Date,Status
Creation Date,Status
Creation Date,Status
Creation Date,Status
Creation Date,Status
Creation Date,Status
Creation Date,Status
Creation Date,Status
Creation Date,Status
Creation Date,Status
Creation Date,Status
Creation Date,Status
Creation Date,Status
Creation Date,Status
Creation Date,Status
Creation Date,Status
Creation Date,Status
Creation Date,Status
Creation Date,Status
Creation Date,Status
Creation Date,Status
Creation Date,Status
Creation Date,Status
Creation Date,Status
Creation Date,Status
Creation Date,Status
Creation Date,Status
Creation Date,Status
Creation Date,Status
Creation Date,Status
Creation Date,Status
Creation Date,Status
Creation Date,Status
Creation Date,Status
Creation Date,Status
Creation Date,Status
Creation Date,Status
Creation Date,Status
Creation Date,Status
Creation Date,Status
Creation Date,Status
Creation Date,Status
Creation Date,Status
Creation Date,Status
Creation Date,Status
Creation Date,Status
Creation Date,Status
Creation Date,Status
Creation Date,Status
Creation Date,Status
Creation Date,Status
Creation Date,Status
Creation Date,Status
Creation Date,Status
Creation Date,Status
Creation Date,Status
Creation Date,Status
Creation Date,Status
Creation Date,Status
Creation Date,Status
Creation Date,Status
Creation Date,Status
Creation Date,Status
Creation Date,Status
Creation Date,Status
Creation Date,Status
Creation Date,Status
Creation Date,Status
Creation Date,Status
Creation Date,Status
Creation Date,Status
Creation Date,Status
Creation Date,Status
Creation Date,Status
Creation Date,Status
Creation Date,Status
Creation Date,Status
Creation Date,Status
Creation Date,Status
Creation Date,Status
Creation Date,Status
Creation Date,Status
Creation Date,Status
Creation Date,Status
Creation Date,Status
Creation Date,Status
Creation Date,Status
Creation Date,Status
Creation Date,Status
Creation Date,Status
Creation Date,Status
Creation Date,Status
Creation Date,Status
Creation Date,Status
Creation Date,Status
Creation Date,Status
Creation Date,Status
Creation Date,Status
Creation Date,Status
Creation Date,Status
Creation Date,Status
Creation Date,Status
Creation Date,Status
Creation Date,Status
Creation Date,Status
Creation Date,Status
Creation Date,Status
Creation Date,Status
Creation Date,Status
Creation Date,Status
Creation Date,Status
Creation Date,Status
Creation Date,Status
Creation Date,Status
Creation Date,Status
Creation Date,Status
Creation Date,Status
Creation Date,Status
Creation Date,Status
Creation Date,Status
Creation Date,Status
Creation Date,Status
Creation Date,Status
Creation Date,Status
Creation Date,Status
Creation Date,Status
Creation Date,Status
Creation Date,Status
Creation Date,Status
Creation Date,Status
Creation Date,Status
Creation Date,Status
Creation Date,Status
Creation Date,Status
Creation Date,Status
Creation Date,Status
Creation Date,Status
Creation Date,Status
Creation Date,Status
Creation Date,Status
Creation Date,Status
Creation Date,Status
Creation Date,Status
Creation Date,Status
Creation Date,Status
Creation Date,Status
Creation Date,Status
Creation Date,Status
Creation Date,Status
Creation Date,Status
Creation Date,Status
Creation Date,Status
Creation Date,Status
Creation Date,Status
Creation Date,Status
Creation Date,Status
Creation Date,Status
Creation Date,Status
Creation Date,Status
Creation Date,Status
Creation Date,Status
Creation Date,Status
Creation Date,Status
Creation Date,Status
Creation Date,Status
Creation Date,Status
Creation Date,Status
Creation Date,Status
Creation Date,Status
Creation Date,Status
Creation Date,Status
Creation Date,Status
Creation Date,Status
Creation Date,Status
Creation Date,Status
Creation Date,Status
Creation Date,Status
Creation Date,Status
Creation Date,Status
Creation Date,Status
Creation Date,Status
Creation Date,Status
Creation Date,Status
Creation Date,Status
Creation Date,Status
Creation Date,Status
Creation Date,Status
Creation Date,Status
Creation Date,Status
Creation Date,Status
Creation Date,Status
Creation Date,Status
Creation Date,Status
Creation Date,Status
Creation Date,Status
Creation Date,Status
Creation Date,Status
Creation Date,Status
Creation Date,Status
Creation Date,Status
Creation Date,Status
Creation Date,Status
Creation Date,Status
Creation Date,Status
Creation Date,Status
Creation Date,Status
Creation Date,Status
Creation Date,Status
Creation Date,Status
Creation Date,Status
Creation Date,Status
Creation Date,Status
Creation Date,Status
Creation Date,Status
Creation Date,Status
Creation Date,Status
Creation Date,Status
Creation Date,Status
Creation Date,Status
Creation Date,Status
Creation Date,Status
Creation Date,Status
Creation Date,Status
Creation Date,Status
Creation Date,Status
Creation Date,Status
Creation Date,Status
Creation Date,Status
Creation Date,Status
Creation Date,Status
Creation Date,Status
Creation Date,Status
Creation Date,Status
Creation Date,Status
Creation Date,Status
Creation Date,Status
Creation Date,Status
Creation Date,Status
Creation Date,Status
Creation Date,Status
Creation Date,Status
Creation Date,Status
Creation Date,Status
Creation Date,Status
Creation Date,Status
Creation Date,Status
Creation Date,Status
Creation Date,Status
Creation Date,Status
Creation Date,Status
Creation Date,Status
Creation Date,Status
Creation Date,Status
Creation Date,Status
Creation Date,Status
Creation Date,Status
Creation Date,Status
Creation Date,Status
Creation Date,Status
Creation Date,Status
Creation Date,Status
Creation Date,Status
Creation Date,Status
Creation Date,Status
Creation Date,Status
Creation Date,Status
Creation Date,Status
Creation Date,Status
Creation Date,Status
Creation Date,Status
Creation Date,Status
Creation Date,Status
Creation Date,Status
Creation Date,Status
Creation Date,Status
Creation Date,Status
Creation Date,Status
Creation Date,Status
Creation Date,Status
Creation Date,Status
Creation Date,Status
